Name,County1,County2,County3,State,PM_Salary,Latitude,Longitude
Arizona,Yuma,,,AZ,360,32.73,-114.62
Ehrenburg,La Paz,,,AZ,140,33.60,-114.53
Florence,Pinal,,,AZ,12,33.03,-111.39
Fort Bowie,Cochise,,,AZ,12,32.15,-109.45
Grant,Pinal,Pima,,AZ,12,31.40,-110.92
Hardyville,Mohave,,,AZ,180,35.05,-114.62
Kirkland Valley,Yavapai,,,AZ,12,34.42,-112.71
La Paz,La Paz,,,AZ,200,33.68,-114.43
Maricopa,Pinal,,,AZ,220,33.06,-112.05
McDowell,Maricopa,,,AZ,12,33.64,-111.67
Mohave City,Mohave,,,AZ,80,35.04,-114.62
Overton,Maricopa,,,AZ,12,33.83,-111.95
Parker,La Paz,,,AZ,12,34.15,-114.29
Phoenix,Maricopa,,,AZ,12,33.45,-112.07
Prescott,Yavapai,,,AZ,540,34.54,-112.47
Providence Wells,Pima,,,AZ,12,32.13,-111.28
Sacaton,Pinal,,,AZ,12,33.08,-111.74
Saint Joseph,Navajo,,,AZ,44,34.96,-110.33
Sanford,Pinal,,,AZ,12,33.01,-111.44
Skull Valley,Yavapai,,,AZ,12,34.50,-112.69
Tubac,Santa Cruz,,,AZ,12,31.61,-111.05
Tucson,Pima,,,AZ,620,32.22,-110.93
Wickenburg,Maricopa,Yavapai,,AZ,200,33.96,-112.77
Wilson,Yavapai,,,AZ,12,33.45,-112.02
Alameda,Alameda,,,CA,99,37.77,-122.24
Alvarado,Alameda,,,CA,70,37.60,-122.08
Brooklyn,Alameda,,,CA,280,37.79,-122.25
Centerville,Alameda,,,CA,200,37.55,-121.99
Decoto,Alameda,,,CA,12,37.60,-122.02
Dougherty's Station,Alameda,,,CA,45,37.70,-121.94
Haywards,Alameda,,,CA,80,37.67,-122.08
Livermore,Alameda,,,CA,12,37.68,-121.77
Midway,Alameda,,,CA,12,37.71,-121.56
Mission San Jose,Alameda,Santa Clara,,CA,30,37.55,-121.99
Mount Eden,Alameda,,,CA,100,37.62,-122.09
Oakland,Alameda,,,CA,2100,37.80,-122.27
Pleasanton,Alameda,,,CA,94,37.66,-121.87
San Leandro,Alameda,,,CA,380,37.72,-122.14
San Lorenzo,Alameda,,,CA,140,37.69,-122.12
Sunolglen,Alameda,,,CA,12,37.59,-121.89
Warm Springs,Alameda,,,CA,13,37.55,-121.99
Washington Corners,Alameda,,,CA,12,37.53,-121.96
Bullionae,Alpine,,,CA,55,38.66,-119.73
Markleeville,Alpine,Amador,,CA,46,38.69,-119.78
Monitor,Alpine,Amador,,CA,160,38.67,-119.70
Woodford's,Alpine,Amador,,CA,35,38.77,-119.81
Amador City,Amador,,,CA,76,38.42,-120.82
Buena Vista,Amador,,,CA,12,38.29,-120.91
Drytown,Amador,Calaveras,,CA,100,38.44,-120.85
Forest Home,Amador,,,CA,80,38.46,-120.96
Ione,Amador,Calaveras,,CA,230,38.39,-120.95
Jackson,Amador,Calaveras,,CA,700,38.35,-120.78
Lancha Plana,Amador,,,CA,25,38.22,-120.90
Oleta,Amador,El Dorado,,CA,120,38.50,-120.76
Pine Grove,Amador,,,CA,53,38.41,-120.65
Plymouth,Amador,,,CA,12,38.48,-120.84
Silver Mountain,Alpine,Amador,,CA,130,38.61,-119.77
Sutter Creek,Amador,Calaveras,,CA,440,38.39,-120.80
Volcano,Amador,Alameda,Calaveras,CA,130,38.44,-120.63
Bangor,Butte,,,CA,26,39.39,-121.41
Bidwell's Bar,Butte,,,CA,34,39.56,-121.44
Bigg's Station,Butte,,,CA,12,39.41,-121.71
Brush Creek,Butte,,,CA,35,39.69,-121.34
Central House,Butte,,,CA,29,39.36,-121.61
Cherokee,Butte,,,CA,56,40.10,-120.94
Chico,Butte,,,CA,730,39.73,-121.84
Clipper Mills,Butte,,,CA,71,39.53,-121.17
Forbestown,Butte,,,CA,82,39.52,-121.27
Gridley,Butte,,,CA,12,39.36,-121.69
Honcut,Butte,Yuba,,CA,12,39.33,-121.53
Honcut,Butte,,,CA,12,39.33,-121.53
Inskip,Butte,,,CA,5,39.99,-121.54
Lovelock,Butte,,,CA,12,39.89,-121.58
Magalia,Butte,,,CA,74,39.84,-121.59
Nord,Butte,,,CA,12,39.78,-121.96
Oroville,Butte,,,CA,1000,39.51,-121.56
Pentz,Butte,,,CA,34,39.66,-121.58
Rio Seco,Butte,,,CA,12,39.59,-121.68
Yankee Hill,Butte,,,CA,20,39.72,-121.54
Angel's Camp,Calaveras,,,CA,160,38.07,-120.54
Big Trees,Calaveras,,,CA,12,38.28,-120.31
Camanche,Calaveras,,,CA,47,38.21,-120.94
Campo Seco,Calaveras,,,CA,96,38.23,-120.85
Chili,Calaveras,,,CA,25,,
Copperoplis,Calaveras,,,CA,330,37.94,-120.55
Fourth Crossing,Calaveras,,,CA,20,38.13,-120.63
Gwin Mine,Calaveras,,,CA,12,38.28,-120.76
Jenny Lind,Calaveras,,,CA,80,38.09,-120.87
Milton,Calaveras,,,CA,12,38.03,-120.85
Mokelumne Hill,Calaveras,,,CA,530,38.30,-120.71
Mountain Ranch,Calaveras,,,CA,24,38.23,-120.54
Murphy,Calaveras,,,CA,230,38.14,-120.46
Railroad Flat,Calaveras,,,CA,69,38.34,-120.51
San Andreas,Calaveras,,,CA,370,38.20,-120.68
Telegraph City,Calaveras,,,CA,61,37.93,-120.74
Vallicita,Calaveras,,,CA,65,38.09,-120.47
West Point,Calaveras,,,CA,94,38.40,-120.53
Canaan,Colusa,,,CA,12,39.40,-122.25
Coast Range,Colusa,,,CA,14,39.80,-122.43
Colusa,Colusa,,,CA,700,39.21,-122.01
Grand Island,Colusa,,,CA,50,39.07,-121.90
Jacinto,Glenn,Colusa,,CA,12,39.58,-122.01
Kanawha,Colusa,,,CA,12,39.52,-122.25
Newville,Glenn,Colusa,,CA,53,39.79,-122.53
Princeton,Colusa,Glenn,,CA,64,39.40,-122.01
Saint John,Glenn,Colusa,,CA,18,39.71,-122.00
Spring Valley,Colusa,,,CA,21,39.10,-122.22
Sycamore,Colusa,,,CA,12,39.13,-121.94
Alamo,Contra Costa,,,CA,33,37.87,-122.03
Antioch,Contra Costa,,,CA,560,38.00,-121.81
Black Diamond,Contra Costa,,,CA,12,38.03,-121.88
Clayton,Contra Costa,,,CA,40,37.94,-121.94
Danville,Contra Costa,,,CA,110,37.82,-122.00
Lafayette,Contra Costa,,,CA,20,37.89,-122.12
Martinez,Contra Costa,,,CA,250,38.02,-122.13
Pacheco,Contra Costa,,,CA,320,37.98,-122.07
San Pablo,Contra Costa,,,CA,95,37.96,-122.35
Somersville,Contra Costa,,,CA,110,37.96,-121.86
Walnut Creek,Contra Costa,,,CA,71,37.91,-122.06
Crescent City,Del Norte,Klamath,,CA,200,41.76,-124.20
Smith River,Del Norte,,,CA,12,41.93,-124.15
Clarksville,El Dorado,,,CA,40,38.65,-121.05
Coloma,El Dorado,Late in,,CA,100,38.80,-120.89
Diamond Spring,El Dorado,,,CA,93,38.69,-120.81
El Dorado,El Dorado,,,CA,87,38.68,-120.85
Fair Play,El Dorado,,,CA,12,38.59,-120.66
Garden Valley,El Dorado,,,CA,25,38.86,-120.85
Georgetown,El Dorado,,,CA,350,38.91,-120.84
Granite Hill,El Dorado,,,CA,13,38.74,-120.85
Green Valley,El Dorado,,,CA,57,38.70,-121.01
Greenwood,El Dorado,,,CA,22,38.90,-120.91
Grizzly Flats,El Dorado,,,CA,56,38.64,-120.53
Indian Diggins,El Dorado,,,CA,12,38.58,-120.58
Kelsey,El Dorado,,,CA,23,38.82,-120.82
Lake Valley,El Dorado,,,CA,15,38.93,-120.00
Latrobe,El Dorado,,,CA,85,38.56,-120.98
Nashville,El Dorado,,,CA,12,38.58,-120.85
Newtown,El Dorado,,,CA,33,38.70,-120.68
Pilot Hill,El Dorado,,,CA,49,38.83,-121.01
Placerville,El Dorado,,,CA,1200,38.73,-120.80
Pleasant Valley,El Dorado,,,CA,48,38.68,-120.66
Salmon Falls,El Dorado,,,CA,24,38.76,-121.06
Shingle,El Dorado,,,CA,150,38.66,-120.94
Slippery Ford,El Dorado,,,CA,20,38.77,-120.30
Big Dry Creek,Fresno,,,CA,12,36.87,-119.62
Firebaugh,Fresno,,,CA,20,36.86,-120.46
Fort Miller,Fresno,Tulare,,CA,170,36.79,-119.80
Kingriver,Fresno,,,CA,12,36.60,-119.46
Laton,Fresno,,,CA,67,36.43,-119.69
New Idria,San Benito,Fresno,Monterey,CA,88,36.41,-120.67
Panoche,San Benito,Fresno,,CA,12,36.60,-120.83
Arcata,Humboldt,Trinity,,CA,180,40.87,-124.08
Camp Grant,Humboldt,,,CA,16,40.34,-123.90
Eureka,Humboldt,,,CA,610,40.80,-124.16
False Cape,Humboldt,,,CA,12,40.51,-124.39
Ferndale,Humboldt,,,CA,53,40.58,-124.26
Gas Jet,Humboldt,,,CA,12,40.47,-124.37
Hoopa,Humboldt,Klamath,,CA,43,41.05,-123.67
Hydesville,Humboldt,,,CA,77,40.55,-124.09
Orleans,Humboldt,Klamath,,CA,20,41.30,-123.54
Petrolea,Humboldt,,,CA,62,40.33,-124.29
Rohnerville,Humboldt,,,CA,57,40.57,-124.14
Table Bluff,Humboldt,,,CA,12,40.66,-124.22
Trinidad,Humboldt,Klamath,Trinity,CA,17,41.06,-124.14
Weitchpec,Humboldt,Klamath,,CA,5,41.19,-123.70
Big Pine,Inyo,,,CA,12,37.16,-118.29
Cerro Gordo,Inyo,,,CA,12,36.54,-117.79
Fish Springs,Inyo,Mono,,CA,12,37.07,-118.25
Independence,Inyo,Tulare,,CA,180,35.59,-119.33
Lone Pine,Inyo,,,CA,12,36.61,-118.06
Olancha,Inyo,,,CA,12,36.28,-118.01
Bakersfield,Kern,,,CA,30,35.37,-119.02
Havilah,Kern,Tulare,,CA,230,35.52,-118.52
Kernville,Kern,Tulare,,CA,74,35.76,-118.42
Linn's Valley,Kern,Tulare,,CA,49,35.73,-118.70
Tehichipa,Kern,,,CA,12,35.14,-118.49
Weldon,Kern,,,CA,12,35.67,-118.29
Glenbrook,Lake,,,CA,12,38.85,-122.76
Guenoc,Lake,,,CA,20,38.79,-122.57
Kelseyville,Lake,Napa,,CA,77,38.98,-122.84
Knoxville,Napa,Lake,,CA,89,38.83,-122.34
Lakeport,Lake,Napa,,CA,82,39.04,-122.92
Lower Lake,Lake,Napa,,CA,170,38.91,-122.61
Middletown,Lake,,,CA,12,38.76,-122.61
Morgan,Lake,,,CA,7,38.88,-122.45
Upper Lake,Lake,Napa,,CA,47,39.16,-122.90
Coppervale,Lassen,,,CA,7,40.35,-120.90
Hayden,Lassen,,,CA,12,41.00,-120.89
Janesville,Lassen,,,CA,60,40.30,-120.53
Junction House,Lassen,,,CA,12,39.78,-120.04
Long Valley,Lassen,,,CA,12,40.03,-120.11
Milford,Lassen,,,CA,12,40.17,-120.37
Susanville,Lassen,Plumas,Lake,CA,530,40.42,-120.65
Compton,Los Angeles,,,CA,12,33.89,-118.23
Downey,Los Angeles,,,CA,20,33.94,-118.13
Los Angeles,Los Angeles,,,CA,2100,34.06,-118.33
El Monte,Los Angeles,,,CA,77,34.06,-118.04
Petroliopolis,Los Angeles,,,CA,93,,
Pomona,Los Angeles,,,CA,26,33.65,-117.93
Ravena City,Los Angeles,,,CA,12,34.44,-118.23
San Gabriel,Los Angeles,,,CA,19,34.10,-118.11
Wilmington,Los Angeles,,,CA,830,33.80,-118.27
Bolinas,Marin,,,CA,48,37.91,-122.69
Nicasio,Marin,,,CA,12,38.07,-122.70
Novato,Marin,,,CA,15,38.11,-122.57
Olema,Marin,,,CA,86,38.04,-122.79
San Quentin,Marin,,,CA,110,37.94,-122.48
San Rafael,Marin,,,CA,410,37.97,-122.53
Sausalito,Marin,,,CA,12,37.86,-122.49
Tomales,Marin,,,CA,80,38.25,-122.90
Bear Valley,Mariposa,,,CA,110,37.57,-120.12
Coulterville,Mariposa,,,CA,150,37.71,-120.20
Hornitas,Mariposa,,,CA,270,37.50,-120.24
Indian Gulch,Mariposa,,,CA,10,37.44,-120.20
Mariposa,Mariposa,,,CA,230,36.18,-117.66
Mount Bullion,Mariposa,,,CA,38,37.51,-120.04
Yosemite,Mariposa,,,CA,12,37.75,-119.59
Albion,Mendocino,,,CA,25,39.22,-123.77
Anderson,Mendocino,,,CA,24,39.02,-123.38
Cahto,Mendocino,,,CA,180,39.66,-123.52
Covelo,Mendocino,,,CA,110,39.79,-123.25
Cuffey's Cove,Mendocino,,,CA,12,39.14,-123.73
Fish Rock,Mendocino,,,CA,12,38.80,-123.59
Gualala,Mendocino,,,CA,85,38.77,-123.53
Hermitage,Mendocino,,,CA,4,38.88,-123.16
Hopland,Mendocino,,,CA,12,38.97,-123.12
Little River,Mendocino,,,CA,60,39.27,-123.79
Mendocino,Mendocino,Humboldt,,CA,380,39.31,-123.78
Navarro,Mendocino,,,CA,12,39.15,-123.54
Point Arena,Mendocino,,,CA,230,38.91,-123.70
Potter Valley,Mendocino,,,CA,12,39.32,-123.11
Sherwood Valley,Mendocino,,,CA,17,39.53,-123.46
Ukiah,Mendocino,,,CA,250,39.15,-123.21
Willits,Mendocino,,,CA,56,39.42,-123.35
Yorkville,Mendocino,,,CA,12,38.90,-123.21
Alexandria,Merced,,,CA,12,37.41,-120.63
Brickville,Merced,,,CA,12,37.30,-120.52
Dover,Merced,,,CA,12,,
Hopeton,Merced,,,CA,170,37.49,-120.53
Merced,Merced,,,CA,12,37.30,-120.48
Merced Falls,Merced,,,CA,23,37.52,-120.33
Plainsberg,Merced,,,CA,12,37.23,-120.32
San Luis Ranch,Merced,,,CA,12,37.16,-120.81
Snelling,Merced,Mariposa,,CA,200,37.52,-120.44
Union,Merced,,,CA,64,37.28,-120.18
Adin,Modoc,Siskiyou,,CA,12,41.19,-120.95
Cedarville,El Dorado,Modoc,Siskiyou,CA,12,38.57,-120.65
Eagleville,Modoc,Siskiyou,,CA,34,41.32,-120.12
Fort Bidwell,Modoc,Siskiyou,,CA,260,41.86,-120.15
Lake City,Modoc,Siskiyou,,CA,170,41.64,-120.22
Benton,Mono,,,CA,31,37.80,-118.53
Bishop,Inyo,Mono,,CA,81,37.36,-118.40
Bridgeport,Mono,,,CA,10,38.25,-119.23
Coleville,Mono,,,CA,22,38.57,-119.51
Castroville,Monterey,,,CA,520,36.77,-121.76
Chualar,Monterey,,,CA,12,36.57,-121.52
Gabilan,Monterey,,,CA,12,36.43,-121.32
Monterey,Monterey,,,CA,640,36.60,-121.90
Natividad,Monterey,,,CA,87,36.73,-121.60
Picacho,San Benito,Monterey,,CA,12,36.35,-120.69
Pleito,Monterey,,,CA,12,35.81,-121.09
Salinas,Monterey,,,CA,580,36.68,-121.66
San Antonio,Monterey,,,CA,150,35.94,-121.08
Santa Rita,Monterey,,,CA,12,36.72,-121.65
Soledad,Monterey,,,CA,12,36.44,-121.33
Calistoga,Napa,,,CA,26,38.58,-122.58
Monticello,Napa,,,CA,73,38.58,-122.21
Napa,Napa,,,CA,1300,38.30,-122.29
Oakville,Napa,,,CA,41,38.44,-122.40
Pope Valley,Napa,,,CA,12,38.62,-122.43
Rutherford,Napa,,,CA,12,38.46,-122.42
Saint Helena,Napa,,,CA,290,38.51,-122.47
Yountville,Napa,,,CA,37,38.40,-122.36
Zem Zem,Napa,Lake,,CA,12,38.75,-122.28
Anthony House,Nevada,,,CA,12,39.24,-121.20
French Corral,Nevada,,,CA,12,39.31,-121.16
Graniteville,Nevada,,,CA,12,39.44,-120.74
Grass Valley,Nevada,,,CA,3200,39.22,-121.06
Little York,Nevada,,,CA,17,39.20,-120.88
Moore's Flat,Nevada,,,CA,150,39.42,-120.85
Nevada City,Nevada,,,CA,2400,39.27,-121.02
North Bloomfield,Nevada,,,CA,42,39.37,-120.90
North Columbia,Nevada,,,CA,60,39.37,-120.99
North San Juan,Nevada,,,CA,330,39.37,-121.10
Omega,Nevada,,,CA,24,39.33,-120.75
Patterson,Nevada,,,CA,33,39.37,-121.04
Rough and Ready,Nevada,,,CA,180,39.23,-121.14
Soda Springs,Nevada,,,CA,12,39.32,-120.38
Sweetland,Nevada,,,CA,28,39.34,-121.12
Truckee,Nevada,,,CA,430,39.33,-120.18
Washington,Nevada,,,CA,86,39.36,-120.80
You Bet,Nevada,,,CA,64,39.21,-120.90
Anaheim,Orange,Los Angeles,,CA,220,33.83,-117.93
Capistrano,Orange,Los Angeles,,CA,7,34.22,-118.62
Santa Ana,Orange,Los Angeles,,CA,12,33.84,-117.85
Alta,Placer,,,CA,12,39.21,-120.81
Auburn,Placer,,,CA,410,38.90,-121.07
Bath,Placer,,,CA,71,39.04,-120.79
Blue Canyon,Placer,,,CA,31,39.26,-120.71
Butcher Ranch,Placer,,,CA,20,38.96,-120.95
Cisco,Placer,,,CA,12,39.30,-120.55
Clipper Gap,Placer,,,CA,23,38.97,-121.02
Colfax,Placer,,,CA,500,39.10,-120.96
Dutch Flat,Placer,,,CA,760,39.21,-120.84
Emigrant Gap,Placer,,,CA,10,39.30,-120.67
Forest Hill,Placer,,,CA,190,39.02,-120.82
Gold Run,Placer,,,CA,200,39.18,-120.86
Iowa Hill,Placer,,,CA,150,39.11,-120.84
Lincoln,Placer,,,CA,210,38.89,-121.29
Loomis,Placer,,,CA,55,38.82,-121.19
Michigan Bluff,Placer,,,CA,160,39.04,-120.74
Newcastle,Placer,,,CA,200,38.87,-121.13
Rocklin,Placer,,,CA,150,38.79,-121.24
Roseville,Placer,,,CA,61,38.75,-121.29
Sheridan,Placer,,,CA,21,38.98,-121.38
Tahoe,Placer,,,CA,15,39.17,-120.14
Todd's Valley,Placer,,,CA,35,39.00,-120.85
Yankee Jim's,Placer,,,CA,38,39.03,-120.86
Beckwith,Plumas,,,CA,12,39.82,-120.38
Bucks,Plumas,,,CA,12,39.87,-121.18
Buckeye Ranch,Plumas,,,CA,12,39.80,-121.30
Crescent Mills,Plumas,,,CA,12,40.10,-120.91
Durham,Butte,Plumas,,CA,35,39.65,-121.80
Greenville,Plumas,,,CA,12,40.14,-120.95
Jamison,Plumas,,,CA,12,39.74,-120.70
La Porte,Plumas,Sierra,,CA,340,39.68,-120.98
Longville,Plumas,,,CA,16,40.15,-121.24
Meadow Valley,Plumas,,,CA,38,39.93,-121.06
Mohawk,Plumas,,,CA,12,39.78,-120.64
Nelson Point,Plumas,,,CA,12,39.86,-120.85
Prattville,Plumas,,,CA,12,40.21,-121.16
Quincy,Plumas,,,CA,180,39.94,-120.95
Round Valley,Plumas,,,CA,16,40.12,-120.97
Sawpit,Plumas,,,CA,44,39.80,-120.88
Spanish Ranch,Plumas,,,CA,52,39.95,-121.06
Taylorsville,Plumas,,,CA,150,40.07,-120.84
Vinton,Plumas,,,CA,49,39.80,-120.18
Rincon,Riverside,San Bernardino,,CA,12,33.29,-116.96
Riverside,Riverside,San Bernardino,,CA,12,33.95,-117.40
San Jacinto,Riverside,San Diego,,CA,12,33.77,-116.96
Temecula Station,Riverside,San Diego,,CA,12,33.50,-117.15
Arno,Sacramento,,,CA,68,38.33,-121.31
Perkins,Sacramento,,,CA,71,38.54,-121.34
Cosumne,Sacramento,,,CA,35,38.49,-121.17
Courtland,Sacramento,,,CA,27,38.33,-121.57
Elk Grove,Sacramento,,,CA,41,38.41,-121.37
Elk Grove,Sacramento,,,CA,41,38.41,-121.37
Emmaton,Sacramento,,,CA,12,38.08,-121.73
Florin,Sacramento,,,CA,20,38.50,-121.41
Folsom City,Sacramento,,,CA,360,38.68,-121.18
Franklin,Sacramento,,,CA,25,38.38,-121.45
Freeport,Sacramento,,,CA,18,38.48,-121.49
Galt,Sacramento,,,CA,12,38.25,-121.30
Michigan Bar,Sacramento,,,CA,88,38.48,-121.05
Mills,Sacramento,,,CA,12,38.60,-121.30
Mormon Island,Sacramento,,,CA,42,38.70,-121.12
Richland,Sacramento,,,CA,35,38.37,-121.52
Sacramento,Sacramento,,,CA,4000,38.56,-121.47
Sheldon,Sacramento,,,CA,12,38.43,-121.30
Union House,Sacramento,,,CA,12,38.47,-121.45
Walnut Grove,Sacramento,,,CA,20,38.24,-121.51
Hollister,San Benito,Monterey,,CA,400,36.85,-121.40
San Benito,San Benito,Monterey,,CA,12,36.80,-121.37
San Juan,San Benito,Monterey,,CA,350,36.84,-121.53
Tres Pinos,San Benito,Monterey,,CA,12,36.79,-121.32
Cucamonga,San Bernardino,,,CA,12,34.10,-117.59
San Bernardino,San Bernardino,Los Angeles,,CA,460,34.13,-117.29
Ballena,San Diego,,,CA,12,33.07,-116.75
Campo,San Diego,,,CA,12,32.62,-116.47
Julian,San Diego,,,CA,12,33.08,-116.60
Milguatay,San Diego,,,CA,9,32.85,-116.56
National City,San Diego,,,CA,12,32.67,-117.10
North San Diego,San Diego,,,CA,150,32.75,-117.19
Oak Grove,San Diego,,,CA,12,33.39,-116.79
Otay,San Diego,,,CA,12,32.59,-117.06
Poway,San Diego,,,CA,12,33.00,-117.02
San Diego,San Diego,,,CA,150,33.21,-116.80
San Luis Rey,San Diego,,,CA,58,33.23,-117.32
Warner's Ranch,San Diego,,,CA,12,33.24,-116.67
San Francisco,San Francisco,,,CA,4000,37.77,-122.42
Atlanta,San Joaquin,,,CA,18,37.81,-121.12
Banta,San Joaquin,,,CA,12,37.75,-121.37
Burwood,San Joaquin,,,CA,14,37.76,-120.96
Collegeville,San Joaquin,,,CA,12,37.90,-121.15
Farmington,San Joaquin,,,CA,79,37.93,-121.00
Liberty,San Joaquin,,,CA,93,38.13,-121.28
Linden,San Joaquin,,,CA,23,38.02,-121.08
Lockeford,San Joaquin,,,CA,95,38.16,-121.15
Lodi,San Joaquin,,,CA,12,38.13,-121.27
Meinecke,San Joaquin,,,CA,12,,
Peters,San Joaquin,,,CA,12,37.98,-121.05
Stockton,San Joaquin,,,CA,3600,37.96,-121.29
Tracy,San Joaquin,,,CA,12,37.74,-121.43
Waterloo,San Joaquin,,,CA,17,38.03,-121.19
Woodbridge,San Joaquin,,,CA,120,38.15,-121.30
Arroyo Grande,San Luis Obispo,,,CA,12,35.12,-120.58
Berros Creek,San Luis Obispo,,,CA,12,35.11,-120.59
Cambria,San Luis Obispo,,,CA,39,35.56,-121.08
Cayucos,San Luis Obispo,,,CA,12,35.45,-120.90
Morro,San Luis Obispo,,,CA,12,35.37,-120.85
Paso Robles,San Luis Obispo,,,CA,12,35.63,-120.69
San Luis Obispo,San Luis Obispo,,,CA,590,35.28,-120.65
San Miguel,San Luis Obispo,,,CA,100,35.75,-120.70
Santa Margarita,San Luis Obispo,,,CA,12,35.39,-120.61
Belmont,San Mateo,San Francisco,,CA,16,37.52,-122.28
Colma,San Mateo,,,CA,12,37.69,-122.46
Half Moon Bay,San Mateo,,,CA,200,37.46,-122.43
Menlo Park,San Mateo,,,CA,12,37.45,-122.18
Millbrae,San Mateo,,,CA,12,37.60,-122.40
Pescadero,San Mateo,,,CA,160,37.25,-122.37
Redwood City,San Mateo,San Francisco,,CA,360,37.49,-122.24
San Gregorio,San Mateo,,,CA,12,37.33,-122.39
San Mateo,San Mateo,,,CA,210,37.58,-122.33
Searsville,San Mateo,,,CA,53,37.40,-122.25
Woodside,San Mateo,San Francisco,,CA,67,37.44,-122.23
Ballards,Santa Barbara,,,CA,12,34.64,-120.11
Carpinteria,Santa Barbara,,,CA,12,34.39,-119.51
Las Cruces,Santa Barbara,,,CA,12,34.51,-120.23
Santa Barbara,Santa Barbara,,,CA,510,34.43,-119.69
Suey,San Luis Obispo,Santa Barbara,,CA,12,34.96,-120.31
Alma,Santa Clara,,,CA,56,37.19,-121.99
Alviso,Santa Clara,,,CA,45,37.43,-121.98
Coyote,Santa Clara,,,CA,10,37.22,-121.74
Evergreen,Santa Clara,,,CA,12,37.28,-121.75
Gilroy,Santa Clara,,,CA,800,37.01,-121.57
Los Gatos,Santa Clara,,,CA,12,37.22,-121.98
Madrone,Santa Clara,,,CA,12,37.39,-122.02
Mayfield,Santa Clara,,,CA,240,37.42,-122.14
Milpitas,Santa Clara,,,CA,84,37.42,-121.91
Mountain View,Santa Clara,,,CA,110,37.39,-122.08
San Felipe,Santa Clara,,,CA,12,36.97,-121.42
San Isidro,Santa Clara,,,CA,12,37.00,-121.53
San Jose,Santa Clara,,,CA,3400,37.35,-121.87
Santa Clara,Santa Clara,,,CA,980,37.34,-121.94
Saratoga,Santa Clara,,,CA,12,37.26,-122.03
Tennant,Santa Clara,,,CA,12,37.11,-121.63
Aptos,Santa Cruz,,,CA,12,36.98,-121.90
Felton,Santa Cruz,,,CA,12,37.05,-122.07
Santa Cruz,Santa Cruz,Branciforte,,CA,1100,36.98,-122.03
Soquel,Santa Cruz,,,CA,73,36.99,-121.96
Watsonville,Santa Cruz,,,CA,900,36.91,-121.76
Anderson,Shasta,,,CA,20,40.45,-122.30
Ball's Ferry,Shasta,,,CA,12,40.42,-122.19
Bell's Ridge,Shasta,,,CA,12,,
Cottonwood,Shasta,Tehama,,CA,32,40.39,-122.28
French Gulch,Shasta,,,CA,68,40.70,-122.64
Glenburn,Shasta,,,CA,12,41.06,-121.49
Hazel Creek,Shasta,,,CA,12,41.07,-122.36
Horse Town,Shasta,,,CA,17,,
Millville,Shasta,,,CA,120,40.55,-122.17
Shasta,Shasta,,,CA,540,40.59,-122.41
Stillwater,Shasta,,,CA,12,40.49,-122.50
Alleghany,Sierra,,,CA,88,39.47,-120.84
Downieville,Sierra,,,CA,800,39.56,-120.83
Fir Cap,Sierra,,,CA,12,39.62,-120.85
Forest,Sierra,,,CA,80,39.49,-120.85
Gibsonville,Sierra,,,CA,100,39.74,-120.91
Goodyear's Bar,Sierra,,,CA,16,39.54,-120.88
Loyalton,Sierra,,,CA,61,39.68,-120.24
Pike,Sierra,,,CA,12,39.44,-121.00
Port Wine,Sierra,,,CA,12,39.66,-120.95
Saint Louis,Sierra,,,CA,59,39.54,-120.66
Scales Diggings,Sierra,,,CA,12,39.60,-120.99
Sierra City,Sierra,,,CA,85,39.57,-120.63
Sierraville,Sierra,,,CA,71,39.59,-120.37
Table Rock,Sierra,,,CA,140,39.71,-120.89
Bed Rock,Trinity,Siskiyou,Klamath,CA,12,,
Black Bear,Siskiyou,Klamath,,CA,12,41.26,-123.15
Callahans,Siskiyou,,,CA,13,41.31,-122.80
Cottage Grove,Siskiyou,Klamath,,CA,4,41.60,-123.51
Crystal Creek,Siskiyou,,,CA,12,41.52,-122.86
Edgewood,Siskiyou,,,CA,12,41.46,-122.43
Etna Mills,Siskiyou,,,CA,24,41.46,-122.89
Fort Jones,Siskiyou,,,CA,240,41.61,-122.84
Gazelle,Siskiyou,,,CA,12,41.52,-122.52
Happy Camp,Siskiyou,Modoc,,CA,26,41.79,-123.38
Henley,Siskiyou,,,CA,57,41.90,-122.56
Klamath,Siskiyou,Del Norte,,CA,12,41.53,-124.04
Little Shasta,Siskiyou,,,CA,12,41.71,-122.39
Oro Fino,Siskiyou,,,CA,35,41.58,-122.92
Petersburgh,Siskiyou,Klamath,,CA,12,41.12,-123.09
Sawyer's Bar,Siskiyou,Klamath,,CA,51,41.30,-123.13
Scott River,Siskiyou,,,CA,44,41.31,-122.80
Seiad Valley,Siskiyou,,,CA,9,41.84,-123.19
Sisson,Siskiyou,,,CA,12,41.31,-122.31
Virginia Ranch,Siskiyou,,,CA,12,,
Willow Ranch,Modoc,Siskiyou,,CA,12,41.90,-120.36
Yocumville,Siskiyou,Klamath,,CA,12,41.22,-123.25
Yreka,Siskiyou,,,CA,820,41.73,-122.64
Batavia,Solano,,,CA,12,38.41,-121.86
Benicia,Solano,,,CA,950,38.05,-122.16
Binghamton,Solano,,,CA,99,38.35,-121.82
Collinsville,Solano,,,CA,12,38.08,-121.85
Cordelia,Solano,,,CA,12,38.21,-122.14
Denverton,Solano,,,CA,50,38.22,-121.90
Dixon,Solano,,,CA,12,38.45,-121.82
Elmira,Solano,,,CA,12,38.35,-121.91
Maine Prairie,Solano,,,CA,40,38.31,-121.76
Rio Vista,Solano,Sacramento,,CA,95,38.16,-121.69
South Vallejo,Solano,,,CA,12,38.09,-122.24
Suisun City,Solano,,,CA,320,38.24,-122.04
Vacaville,Solano,,,CA,210,38.36,-121.99
Vallejo,Solano,,,CA,2000,38.10,-122.26
Alexanderville,Sonoma,,,CA,12,38.67,-122.82
Bloomfield,Sonoma,,,CA,160,38.31,-122.85
Bodega,Sonoma,,,CA,200,38.35,-122.97
Geyserville,Sonoma,,,CA,28,38.71,-122.90
Cloverdale,Sonoma,,,CA,90,38.81,-123.02
Duncan's Mills,Sonoma,,,CA,75,38.45,-123.06
Fisherman's Bay,Sonoma,,,CA,71,38.65,-123.40
Plantation,Sonoma,,,CA,12,38.59,-123.31
Freestone,Sonoma,,,CA,37,38.37,-122.92
Fulton,Sonoma,,,CA,27,38.49,-122.77
Guerneville,Sonoma,,,CA,12,38.50,-123.00
Healdsburg,Sonoma,Mendocino,,CA,560,38.61,-122.87
Lakeville,Sonoma,,,CA,69,38.21,-122.55
Ocean View,Sonoma,,,CA,12,38.40,-123.09
Petaluma,Sonoma,,,CA,1500,38.23,-122.64
Santa Rosa,Sonoma,,,CA,570,38.42,-122.66
Sea View,Sonoma,,,CA,99,38.55,-123.23
Sebastopol,Sonoma,Napa,,CA,82,38.40,-122.82
Sonoma,Sonoma,,,CA,260,38.29,-122.46
Stony Point,Sonoma,,,CA,34,38.34,-122.74
Two Rocks,Sonoma,,,CA,12,38.27,-122.79
Windsor,Sonoma,,,CA,140,38.54,-122.82
Ceres,Stanislaus,,,CA,12,37.59,-120.95
Crow's Landing,Stanislaus,,,CA,12,37.39,-121.07
Eugene,Stanislaus,,,CA,12,37.89,-120.85
Horr,Stanislaus,,,CA,12,37.64,-120.63
Knight's Ferry,Stanislaus,San Joaquin,,CA,200,37.82,-120.67
La Grange,Stanislaus,,,CA,34,37.66,-120.46
Modesto,Stanislaus,,,CA,200,37.64,-121.00
Newman,Stanislaus,,,CA,12,37.31,-121.02
Turlock,Stanislaus,,,CA,12,37.49,-120.85
Meridian,Sutter,,,CA,20,39.14,-121.91
Nicolaus,Sutter,,,CA,36,38.90,-121.58
Pleasant Grove,Sutter,,,CA,12,38.82,-121.50
Sutter,Sutter,,,CA,12,39.16,-121.75
Sutter Station,Sutter,,,CA,12,39.16,-121.75
West Butte,Sutter,,,CA,20,39.19,-121.89
Yuba City,Sutter,,,CA,280,39.14,-121.62
Battle Creek,Tehama,,,CA,12,40.36,-122.18
Lassen,Tehama,,,CA,12,40.27,-121.45
Moon's Ranch,Tehama,Colusa,,CA,5,40.32,-122.88
Red Bluff,Tehama,Shasta,,CA,430,40.18,-122.24
Tehama,Tehama,Colusa,,CA,120,40.03,-122.12
Vina,Tehama,Butte,,CA,12,39.93,-122.05
Big Bar,Trinity,,,CA,13,40.74,-123.27
Burnt Ranch,Trinity,,,CA,12,40.83,-123.49
Douglas City,Trinity,,,CA,39,40.65,-122.94
Junction City,Trinity,,,CA,13,40.73,-123.06
Lewiston,Trinity,,,CA,37,40.71,-122.81
Trinity,Trinity,,,CA,19,40.74,-122.95
Trinity Center,Trinity,,,CA,17,40.98,-122.70
Weaverville,Trinity,,,CA,390,40.73,-122.94
Farmersville,Tulare,,,CA,24,36.30,-119.21
Plano,Tulare,,,CA,12,36.04,-119.01
Portersville,Tulare,,,CA,220,36.07,-119.02
Visalia,Tulare,,,CA,690,36.33,-119.29
Woodville,Tulare,,,CA,12,36.09,-119.20
Big Oak Flat,Tuolumne,,,CA,96,37.82,-120.26
Chinese Camp,Tuolumne,,,CA,210,37.87,-120.43
Columbia,Tuolumne,,,CA,540,38.04,-120.40
Graysonville,Stanislaus,Tuolumne,,CA,12,37.56,-121.18
Groveland,Tuolumne,,,CA,20,37.84,-120.23
Jamestown,Tuolumne,,,CA,170,37.96,-120.42
Montezuma,Tuolumne,,,CA,20,38.17,-119.62
Shaw's Flat,Tuolumne,,,CA,83,38.01,-120.41
Sonora,Tuolumne,,,CA,1000,37.98,-120.37
Sugar Pine,Tuolumne,,,CA,12,38.06,-120.20
Hueneme,Ventura,Santa Barbara,,CA,12,34.16,-119.18
Ventura,Ventura,Santa Barbara,,CA,460,34.28,-119.29
Black's Station,Yolo,,,CA,57,38.80,-121.88
Buckeye,Yolo,,,CA,75,38.59,-121.89
Capay,Yolo,,,CA,20,38.71,-122.05
Davisville,Yolo,Solano,,CA,310,38.54,-121.74
Dunnigan,Yolo,,,CA,10,38.89,-121.97
Grafton,Yolo,,,CA,170,38.80,-121.72
Madison,Yolo,,,CA,49,38.68,-121.97
Merritt,Yolo,,,CA,12,38.61,-121.76
Woodland,Yolo,,,CA,630,38.68,-121.77
Yolo,Yolo,,,CA,130,38.58,-121.53
Brown's Valley,Yuba,,,CA,160,39.24,-121.41
Brownsville,Yuba,,,CA,20,39.47,-121.27
Bullard's Bar,Yuba,,,CA,37,39.42,-121.14
Camptonville,Yuba,,,CA,240,39.45,-121.05
Greenville,Yuba,,,CA,12,39.44,-121.18
Hansonville,Butte,Yuba,,CA,40,39.44,-121.33
Marysville,Yuba,,,CA,3200,39.15,-121.59
Oregon House,Yuba,,,CA,52,39.34,-121.27
Smartville,Yuba,,,CA,300,39.21,-121.30
Strawberry Valley,Yuba,,,CA,55,39.56,-121.11
Timbuctoo,Yuba,,,CA,63,39.22,-121.32
Wheatland,Yuba,,,CA,30,39.01,-121.42
Arvada,Jefferson,,,CO,12,39.80,-105.09
Badito,Huerfano,,,CO,32,37.73,-105.01
Bald Mountain,Gilpin,,,CO,730,39.80,-105.55
Bassetts Mills,El Paso,,,CO,26,39.04,-104.74
Bear Canyon,Douglas,,,CO,15,39.54,-104.98
Beaver Creek,Pueblo,,,CO,16,38.42,-104.95
Bents Fort,Bent,,,CO,40,38.04,-103.43
Big Thompson,Larimer,,,CO,58,40.42,-105.19
Bijou Basin,Elbert,,,CO,9,39.16,-104.42
Black Hawk,Gilpin,,,CO,1600,39.80,-105.49
Booneville,Pueblo,,,CO,150,38.25,-104.26
Boulder,Boulder,,,CO,220,40.01,-105.27
Breckenridge,Summit,,,CO,110,39.48,-106.04
Brownsville,Clear Creek,,,CO,12,39.70,-105.73
Buckskin,Park,,,CO,50,39.29,-106.08
Burlington,Boulder,,,CO,390,40.15,-105.11
Butte Valley,Huerfano,,,CO,12,37.67,-104.96
Cacharas,Huerfano,,,CO,12,37.38,-105.10
Canon City,Fremont,,,CO,160,38.44,-105.24
Caribou,Boulder,,,CO,12,39.98,-105.58
Carnero,Saguache,,,CO,12,37.88,-106.14
Castle Rock,Douglas,,,CO,12,39.36,-104.86
Central City,Gilpin,,,CO,4000,39.80,-105.51
Centreville,Chaffee,,,CO,12,38.68,-106.09
Cherry Creek,Arapahoe,,,CO,12,39.63,-104.88
Coal Creek,Boulder,,,CO,8,39.98,-105.16
Colfax,Custer,,,CO,12,,
Colorado City,El Paso,,,CO,200,38.72,-105.14
Conejos,Conejos,,,CO,59,37.09,-106.02
Costilla,Costilla,,,CO,32,36.98,-105.53
Creswell,Jefferson,,,CO,12,39.69,-105.37
Currant Creek,Fremont,,,CO,12,38.59,-105.41
Deer Valley,Park,,,CO,12,39.45,-105.42
Delaware City,Summit,,,CO,22,39.42,-106.20
Denver,Denver,,,CO,4000,39.75,-104.99
Edgerton,El Paso,,,CO,12,38.94,-104.81
El Paso,El Paso,,,CO,12,38.83,-104.82
Empire City,Clear Creek,,,CO,55,39.76,-105.68
Erie,Weld,,,CO,12,40.05,-105.05
Evans,Weld,,,CO,130,40.38,-104.70
Fairplay,Park,,,CO,540,39.22,-106.00
Flemings Ranch,Weld,,,CO,8,,
Fort Collins,Larimer,,,CO,12,40.53,-105.07
Fort Garland,Costilla,,,CO,110,37.43,-105.43
Fort Lupton,Weld,,,CO,12,40.08,-104.81
Fort Lyon,Bent,,,CO,470,38.09,-103.15
Fountain,El Paso,,,CO,19,38.68,-104.71
Franktown,Douglas,,,CO,50,39.39,-104.75
Frosts Ranch,Douglas,,,CO,12,39.28,-104.69
Garibaldi,Saguache,,,CO,12,38.25,-105.95
Georgetown,Clear Creek,,,CO,2000,39.71,-105.70
Glen Grove,Douglas,,,CO,12,39.26,-104.95
Golden City,Jefferson,,,CO,600,39.81,-105.22
Gomers Mills,Elbert,,,CO,12,39.24,-104.44
Granite,Chaffee,,,CO,12,39.04,-106.26
Grant,Park,,,CO,12,39.46,-105.66
Greeley,Weld,,,CO,1000,40.42,-104.74
Green City,Morgan,,,CO,12,,
Greenhorn,Pueblo,,,CO,12,37.91,-104.85
Hamilton,Park,,,CO,55,39.34,-105.92
Helena,Chaffee,,,CO,17,,
Hermosilla,Pueblo,,,CO,10,38.06,-104.41
Hillsborough,Weld,,,CO,12,40.33,-104.86
Huerfano,Pueblo,,,CO,12,,
Huerfano Canyon,Huerfano,,,CO,12,,
Hughes,Arapahoe,,,CO,12,39.99,-104.82
Huntsville,Douglas,,,CO,12,39.27,-104.90
Idaho,Clear Creek,,,CO,300,39.74,-105.51
Jamestown,Boulder,,,CO,23,40.12,-105.39
Juaniata,Pueblo,,,CO,12,,
Julesburgh,Sedgwick,,,CO,50,40.99,-102.27
Keystone,Douglas,,,CO,12,39.48,-104.99
Kiowa,Elbert,,,CO,12,39.35,-104.46
Kit Carson,Cheyenne,,,CO,1400,38.76,-102.79
Lake Station,Greenwood,,,CO,12,,
Laporte,Larimer,,,CO,12,40.63,-105.14
Las Animas,Bent,,,CO,12,38.07,-103.22
Lincoln City,Summit,,,CO,20,39.48,-105.96
Littleton,Arapahoe,,,CO,12,39.61,-105.02
Loma,Rio Grande,,,CO,12,37.67,-106.29
Middle Boulder,Boulder,,,CO,12,39.96,-105.51
Mill City,Clear Creek,,,CO,110,39.76,-105.60
Montgomery City,Park,,,CO,20,39.36,-106.08
Monument,El Paso,,,CO,12,39.09,-104.87
Mount Vernon,Jefferson,,,CO,12,39.69,-105.21
Muddy Creek,Pueblo,,,CO,12,38.02,-104.73
Namaqua,Larimer,,,CO,41,40.40,-105.12
Oro City,Lake,,,CO,210,39.25,-106.29
Pella,Boulder,,,CO,12,40.19,-105.18
Pine Grove,Douglas,,,CO,12,39.53,-104.81
Pueblo,Pueblo,,,CO,800,38.25,-104.61
Rock Butte,Douglas,,,CO,9,39.24,-104.60
Rollinsville,Gilpin,,,CO,12,39.92,-105.50
Running Creek,Elbert,,,CO,12,39.35,-104.60
Saguache,Saguache,,,CO,31,38.09,-106.14
Saint Charles,Pueblo,,,CO,12,38.14,-104.62
Saint Marys,Huerfano,,,CO,12,37.62,-104.78
San Luis,Costilla,,,CO,33,37.20,-105.42
South Arkansas,Lake,,,CO,12,38.51,-106.08
South Side,Bent,,,CO,18,38.13,-104.02
Spanish Bar,Clear Creek,,,CO,94,39.75,-105.57
Spanish Peak,Huerfano,,,CO,12,37.41,-105.10
Spring Valley,Douglas,,,CO,40,39.15,-104.77
St. Vrain,Weld,,,CO,12,40.28,-104.86
Sugar Loaf,Boulder,,,CO,8,40.02,-105.41
Trinidad,Las Animas,,,CO,460,37.17,-104.50
Valmont,Boulder,,,CO,78,40.03,-105.23
Walsenburgh,Huerfano,,,CO,12,37.62,-104.78
Ward District,Boulder,,,CO,27,40.07,-105.51
White River,Summit,,,CO,12,40.15,-108.83
Wulstenville,Fremont,,,CO,12,,
Atlanta,Elmore,,,ID,49,43.80,-115.12
Boise City,Ada,,,ID,1800,43.61,-116.20
Centreville,Boise,,,ID,38,43.91,-115.89
Eagle Rock,Bonneville,,,ID,12,43.49,-112.05
Emmettsville,Gem,,,ID,12,43.91,-116.71
Fort Lemhi,Lemhi,,,ID,12,44.98,-113.64
Georgetown,Oneida,,,ID,12,42.48,-111.37
Horseshoe Bend,Boise,,,ID,12,43.91,-116.20
Idaho City,Boise,,,ID,1400,43.83,-115.83
John Day's Creek,Idaho,,,ID,12,45.59,-116.30
Lapwai,Nez Perce,,,ID,100,46.40,-116.80
Leesburgh,Lemhi,,,ID,12,45.22,-114.11
Lewiston,Nez Perce,,,ID,230,46.42,-117.02
Lower Boise,Canyon,,,ID,12,43.76,-116.88
Malad City,Oneida,,,ID,130,42.19,-112.25
Market Lake,Jefferson,,,ID,8,43.77,-112.13
Middleton,Canyon,,,ID,47,43.72,-116.63
Montpelier,Bear Lake,,,ID,12,42.32,-111.30
Mount Idaho,Idaho,,,ID,12,45.90,-116.08
Newsom Creek,Nez Perce,,,ID,12,45.91,-115.63
Ovid,Bear Lake,,,ID,12,42.29,-111.40
Oxford,Franklin,,,ID,12,42.26,-112.02
Paris,Bear Lake,,,ID,21,42.23,-111.40
Payetteville,Payette,,,ID,12,44.08,-116.93
Pierce City,Clearwater,,,ID,38,46.49,-115.80
Pioneerville,Boise,,,ID,12,43.97,-115.85
Placerville,Boise,,,ID,210,43.94,-115.95
Rock Creek,Twin Falls,,,ID,12,42.43,-114.31
Rocky Bar,Elmore,,,ID,150,43.69,-115.29
Ross Fork,Bingham,,,ID,12,43.03,-112.29
Saint Charles,Bear Lake,,,ID,15,42.11,-111.39
Salmon City,Lemhi,,,ID,12,45.18,-113.90
Salubria,Washington,,,ID,12,44.56,-116.67
Silver City,Owyhee,,,ID,550,43.01,-116.73
Slate Creek,Idaho,,,ID,12,45.64,-116.28
Soda Springs,Caribou,,,ID,1200,42.66,-111.59
Squaw Creek,Gem,,,ID,12,43.94,-116.37
Washington,Idaho,,,ID,12,,
Weiser,Washington,,,ID,12,44.26,-116.98
Weston,Franklin,,,ID,12,42.04,-111.98
White Bird,Idaho,,,ID,12,45.76,-116.30
Argenta,Beaverhead,,,MT,34,45.28,-112.86
Bannack City,Beaverhead,,,MT,340,45.16,-113.00
Beartown,Powell,,,MT,12,46.79,-113.34
Blackfoot City,Powell,,,MT,340,46.68,-112.54
Boulder Valley,Jefferson,,,MT,100,46.24,-112.12
Bozeman,Gallatin,,,MT,1000,45.68,-111.04
Butte City,Silver Bow,,,MT,120,46.00,-112.53
Cable City,Deer Lodge,,,MT,12,46.20,-113.21
Callaway,Madison,,,MT,12,,
Canyon Creek,Lewis & Clark,,,MT,12,,
Canyon Ferry,Lewis & Clark,,,MT,32,46.66,-111.72
Cicero,Madison,,,MT,12,45.35,-112.12
Corvallis,Ravalli,,,MT,12,46.31,-114.11
Deer Lodge City,Powell,,,MT,1800,46.40,-112.74
Diamond City,Broadwater,,,MT,350,46.60,-111.42
East Gallatin,Gallatin,,,MT,12,45.93,-111.50
Emmettsburg,Granite,,,MT,12,46.51,-113.25
Fish Creek,Madison,,,MT,12,45.85,-112.05
Forest City,Mineral,,,MT,12,47.04,-115.04
Fort Benton,Chouteau,,,MT,380,47.82,-110.67
Fort Shaw,Cascade,,,MT,110,47.51,-111.81
French Bar,Lewis & Clark,,,MT,12,46.66,-111.75
French Gulch,Deer Lodge,,,MT,12,45.94,-113.03
Frenchtown,Missoula,,,MT,12,47.01,-114.23
Gallatin,Gallatin,,,MT,110,45.93,-111.50
German Gulch,Deer Lodge,,,MT,12,45.96,-112.84
Girds Creek,Ravalli,,,MT,12,46.27,-114.14
Green Wood,Deer Lodge,,,MT,12,46.65,-112.36
Greenhorn,Lewis & Clark,,,MT,12,46.64,-112.25
Hamilton,Gallatin,,,MT,90,45.86,-111.33
Harrisburgh,Powell,,,MT,12,46.81,-112.75
Helena,Lewis & Clark,,,MT,4000,46.60,-112.03
Horse Plains,Sanders,,,MT,12,47.46,-114.88
Iron Rod,Madison,,,MT,12,45.66,-112.33
Jefferson City,Jefferson,,,MT,290,46.39,-112.03
Junction,Madison,,,MT,12,45.32,-112.00
Lincoln,Lewis & Clark,,,MT,100,46.95,-112.68
Madison,Gallatin,,,MT,12,45.91,-111.53
McClellan Gulch,Powell,,,MT,12,46.55,-111.91
Meadow Creek,Madison,,,MT,15,45.46,-111.76
Missoula,Missoula,,,MT,520,46.87,-113.99
Nevada City,Madison,,,MT,100,45.31,-111.97
Phillipsburg,Granite,,,MT,43,46.33,-113.29
Pikes Peak,Powell,,,MT,12,46.50,-112.91
Pioneer,Powell,,,MT,12,46.51,-112.97
Pollinger,Madison,,,MT,12,45.52,-112.31
Prickly Pear,Jefferson,,,MT,69,46.54,-111.93
Quartz Creek,Mineral,,,MT,12,47.00,-114.86
Radersburg,Broadwater,,,MT,230,46.20,-111.63
Red Mountain City,Silver Bow,,,MT,12,45.82,-112.45
Rochester,Madison,,,MT,12,45.61,-112.51
Saint Louis,Broadwater,,,MT,12,46.34,-111.70
Sheridan,Madison,,,MT,170,45.46,-112.20
Silver City,Lewis & Clark,,,MT,12,46.76,-112.17
Silver Star,Madison,,,MT,12,45.68,-112.33
Silverbow,Silver Bow,,,MT,12,45.99,-112.68
Springville,Broadwater,,,MT,28,46.35,-111.58
Sterling,Madison,,,MT,76,45.57,-111.76
Stevensville,Ravalli,,,MT,12,46.51,-114.09
Superior,Mineral,,,MT,12,47.06,-115.05
Trout Creek,Fergus,,,MT,50,46.89,-109.68
Twin Bridges,Madison,,,MT,12,45.54,-112.33
Unionville,Lewis & Clark,,,MT,12,46.54,-112.09
Virginia City,Madison,,,MT,2000,45.29,-111.95
Warmsprings,Deer Lodge,,,MT,12,46.18,-112.78
Washington Gulch,Powell,,,MT,12,46.77,-112.68
Watson,Beaverhead,,,MT,12,45.13,-112.72
White Hall,Jefferson,,,MT,14,45.87,-112.10
Willow Creek,Gallatin,,,MT,12,45.83,-111.64
Abiquiu,Rio Arriba,,,NM,12,36.21,-106.32
Albuquerque,Bernalillo,,,NM,970,35.08,-106.65
Aleman,Sierra,,,NM,12,32.99,-107.01
Bernalillo,Sandoval,,,NM,20,35.30,-106.55
Chamita,Rio Arriba,,,NM,12,36.07,-106.10
Cimarron,Colfax,,,NM,100,35.51,-104.92
Clifton,Colfax,,,NM,12,36.82,-104.44
Dona Ana,Dona Ana,,,NM,12,32.39,-106.81
El Rito,Rio Arriba,,,NM,12,36.34,-106.19
Elizabethtown,Colfax,,,NM,600,36.62,-105.28
Fort Bayard,Grant,,,NM,12,32.80,-108.15
Fort Craig,Socorro,,,NM,290,33.64,-107.01
Fort Cummings,Luna,,,NM,150,32.47,-107.65
Fort Stanton,Lincoln,,,NM,150,33.50,-105.52
Fort Union,Mora,,,NM,1700,35.91,-105.01
La Bajada,Santa Fe,,,NM,12,35.56,-106.24
La Canada,Rio Arriba,,,NM,12,36.08,-106.33
La Cueva,Mora,,,NM,12,35.94,-105.25
Lajoya,Socorro,,,NM,12,34.35,-106.85
Las Cruces,Dona Ana,,,NM,100,32.31,-106.78
Las Vegas,San Miguel,,,NM,270,35.59,-105.22
Leasburg,Dona Ana,,,NM,340,32.45,-106.88
Leasburgh,Dona Ana,,,NM,20,32.45,-106.88
Lemitar,Socorro,,,NM,18,34.16,-106.91
Los Lunas,Valencia,,,NM,130,34.81,-106.73
Los Pinos,Valencia,,,NM,18,35.12,-106.32
Manzano,Torrance,,,NM,12,34.65,-106.35
Mesilla,Dona Ana,,,NM,120,32.27,-106.80
Mora,Mora,,,NM,43,35.97,-105.33
Ocate,Mora,,,NM,12,36.18,-105.05
Ojo Caliente,Taos,,,NM,12,36.30,-106.05
Pajarito,Bernalillo,,,NM,12,34.99,-106.70
Paraje,Socorro,,,NM,40,33.56,-107.06
Pinos Altos,Grant,,,NM,37,32.86,-108.22
Plaza Del Alcalde,Rio Arriba,,,NM,18,36.06,-106.05
Pojuaque,Santa Fe,,,NM,12,35.89,-106.02
Ralston,Hidalgo,,,NM,12,32.33,-108.74
Rincon,San Miguel,,,NM,42,35.83,-105.42
Rio Colorado,Taos,,,NM,12,36.65,-105.69
Rio Mimbres,Luna,,,NM,46,32.26,-107.63
San Antonio,Socorro,,,NM,12,33.92,-106.87
San Jose,San Miguel,,,NM,12,35.40,-105.48
San Marcial,Socorro,,,NM,12,33.70,-106.99
Santa Fe,Santa Fe,,,NM,2000,35.69,-105.94
Silver City,Grant,,,NM,12,32.77,-108.28
Socorro,Socorro,,,NM,43,34.06,-106.89
Taos,Taos,,,NM,47,36.41,-105.57
Tierra Amarilla,Rio Arriba,,,NM,12,36.70,-106.55
Ute Creek,Colfax,,,NM,12,36.56,-105.12
Watrous,Mora,,,NM,12,36.21,-105.92
Aurora,Mineral,"Carson, Utah",,NV,12,38.29,-118.90
Austin,Lander,,,NV,2000,39.49,-117.07
Battle Mountain,Lander,,,NV,500,40.61,-117.06
Battle Mountain,Humboldt,,,NV,12,40.61,-117.06
Belmont,Nye,,,NV,520,38.60,-116.87
Bullion,Elko,,,NV,12,40.53,-115.98
Bullionville,Lincoln,,,NV,59,37.80,-114.41
Carlin,Elko,,,NV,230,40.71,-116.11
Carson City,Ormsby,,,NV,1600,39.17,-119.77
Columbus,Esmeralda,,,NV,12,38.11,-118.02
Dayton,Lyon,,,NV,300,39.24,-119.59
Dun Glen,Pershing,,,NV,120,40.74,-117.92
Eberhardt,White Pine,,,NV,420,39.19,-115.48
Egan Canyon,Elko,,,NV,25,39.86,-114.91
Elko,Elko,,,NV,1100,40.83,-115.76
Ellsworth,Nye,,,NV,41,38.97,-117.75
Empire,Carson City,,,NV,140,39.18,-119.71
Eureka,Eureka,,,NV,660,39.51,-115.96
Excelsior,Elko,,,NV,12,41.70,-116.17
Fort Halleck,Elko,,,NV,130,40.81,-115.34
Galena,Lander,,,NV,12,40.56,-117.13
Genoa,Douglas,,,NV,270,39.00,-119.85
Glenbrook,Douglas,,,NV,12,39.09,-119.94
Golconda,Humboldt,,,NV,12,40.96,-117.49
Gold Hill,Storey,,,NV,1700,39.29,-119.66
Hamilton,White Pine,,,NV,1700,39.25,-115.49
Hiko,Lincoln,,,NV,130,37.58,-115.23
Hot Creek,Nye,,,NV,85,38.51,-116.35
Ione City,Nye,,,NV,65,39.04,-117.62
McDermitt,Humboldt,,,NV,12,42.00,-117.72
Mill City,Pershing,,,NV,29,40.68,-118.07
Mineral City,White Pine,,,NV,12,39.26,-114.93
Mineral Hill,Eureka,,,NV,330,40.16,-116.10
Mountain City,Elko,,,NV,240,41.84,-115.97
Oreana,Pershing,,,NV,44,40.31,-118.37
Palisade,Eureka,,,NV,100,40.61,-116.20
Paradise Valley,Humboldt,,,NV,12,41.49,-117.54
Pinegrove,Lyon,,,NV,12,38.68,-119.12
Pioche,Lincoln,,,NV,500,37.93,-114.45
Reno,Washoe,,,NV,550,39.52,-119.81
Reveille,Nye,,,NV,5,38.00,-116.19
Rockland,Lyon,,,NV,12,38.65,-119.09
Ruby Valley,Elko,,,NV,68,40.42,-115.41
Sheridan,Douglas,,,NV,44,38.90,-119.82
Silver City,Lyon,,,NV,400,39.26,-119.64
Silver Peak,Esmeralda,,,NV,12,37.75,-117.64
Sweetwater,Lyon,,,NV,12,38.46,-119.17
Treasure City,White Pine,,,NV,1100,39.23,-115.48
Truckee Meadows,Washoe,,,NV,140,39.47,-119.80
Tuscarora,Elko,,,NV,12,41.31,-116.22
Twin River,Nye,,,NV,110,38.94,-117.28
Unionville,Pershing,,,NV,230,40.45,-118.12
Vanderbilt,Eureka,,,NV,12,39.42,-115.98
Verdi,Washoe,,,NV,68,39.52,-119.99
Virginia City,Storey,,,NV,4000,39.31,-119.65
Wadsworth,Washoe,,,NV,470,39.63,-119.29
Walker River,Esmeralda,,,NV,12,38.79,-119.37
Washington,Nye,,,NV,12,39.16,-117.24
Washoe,Washoe,,,NV,440,39.32,-119.81
Wells,Elko,,,NV,12,41.11,-114.96
White Rock,Elko,,,NV,12,41.74,-116.19
Winnemucca,Humboldt,,,NV,300,40.97,-117.74
Yerington,Lyon,,,NV,12,38.99,-119.16
Albany,Linn,,,OR,600,44.64,-123.10
Alsea,Benton,,,OR,12,44.38,-123.59
Amity,Yamhill,,,OR,61,45.11,-123.21
Antelope,Wasco,,,OR,12,44.91,-120.72
Applegate,Jackson,,,OR,24,42.25,-123.15
Ashland,Jackson,Marion,,OR,120,42.19,-122.69
Astoria,Clatsop,,,OR,530,46.19,-123.84
Auburn,Baker,,,OR,110,44.70,-117.95
Augusta,Baker,,,OR,12,44.98,-117.37
Aumsville,Marion,,,OR,25,44.85,-122.88
Aurora,Marion,,,OR,45,45.22,-122.76
Baker City,Baker,,,OR,320,44.79,-117.84
Barlow,Clackamas,,,OR,12,45.25,-122.72
Bellevue,Yamhill,,,OR,21,45.12,-123.32
Bethel,Polk,,,OR,30,45.04,-123.18
Bridge Creek,Wasco,,,OR,12,44.70,-120.29
Bridgeport,Polk,,,OR,22,44.84,-123.36
Brooks,Marion,,,OR,12,45.05,-122.96
Brownsville,Linn,,,OR,150,44.39,-122.98
Buena Vista,Polk,,,OR,31,44.77,-123.15
Butteville,Marion,,,OR,55,45.26,-122.84
Camas Valley,Douglas,,,OR,12,43.03,-123.68
Camp Creek,Lane,,,OR,12,44.12,-122.81
Camp Watson,Grant,,,OR,12,44.49,-119.89
Canby,Clackamas,,,OR,12,45.26,-122.70
Canyon City,Grant,Wasco,,OR,630,44.39,-118.95
Cartwrights,Lane,,,OR,12,43.79,-123.21
Cayuse,Umatilla,,,OR,12,45.68,-118.57
Centerville,Washington,,,OR,18,45.55,-123.07
Chetco,Curry,Coos,,OR,19,42.01,-124.20
Clackamas,Clackamas,,,OR,12,45.42,-122.53
Coast Fork,Lane,,,OR,12,43.87,-123.03
Columbia City,Columbia,,,OR,12,45.89,-122.81
Coquille,Coos,,,OR,12,43.19,-124.19
Corvallis,Benton,,,OR,600,44.58,-123.27
Cove,Baker,Union,,OR,39,45.30,-117.81
Crawfordsville,Linn,,,OR,12,44.36,-122.86
Dallas,Polk,,,OR,180,44.92,-123.30
Damascus,Clackamas,,,OR,12,45.42,-122.46
Dayton,Yamhill,,,OR,160,45.22,-123.08
Dayville,Grant,,,OR,7,44.47,-119.54
Deschutes,Sherman,,,OR,12,45.26,-121.04
Eagle Creek,Clackamas,,,OR,16,45.64,-121.93
East Portland,Multnomah,,,OR,12,45.52,-122.66
El Dorado,Baker,,,OR,12,44.43,-117.75
Elk Horn,Polk,,,OR,12,45.05,-123.43
Elkhorn,Umpqua,,,OR,12,,
Elkton,Douglas,Umpqua,,OR,12,43.64,-123.57
Empire,Coos,,,OR,180,43.37,-124.22
Eola,Polk,,,OR,42,44.93,-123.12
Eugene,Lane,,,OR,610,44.05,-123.09
Fairfield,Marion,,,OR,12,45.13,-123.01
Forest Grove,Washington,,,OR,190,45.52,-123.11
Franklin,Lane,,,OR,19,44.16,-123.30
Galesville,Douglas,,,OR,22,42.78,-123.30
Gardiner,Douglas,Umpqua,Washington,OR,43,43.73,-124.11
Garibaldi,Tillamook,,,OR,12,45.56,-123.91
Glencoe,Washington,,,OR,12,45.60,-122.99
Grand Ronde,Polk,,,OR,8,45.06,-123.61
Grant,Grant,,,OR,12,44.43,-119.11
Grants Pass,Josephine,Jackson,,OR,19,42.44,-123.32
Greenville,Washington,,,OR,12,45.59,-123.11
Halsey,Linn,,,OR,12,44.39,-123.11
Harrisburgh,Linn,,,OR,150,44.27,-123.16
Highland,Clackamas,,,OR,12,45.25,-122.41
Hillsboro,Washington,,,OR,82,45.52,-122.99
Hood River,Wasco,Wascopum,Clackamas,OR,7,45.71,-121.52
Hubbard,Marion,,,OR,12,45.18,-122.81
Humboldt Basin,Baker,,,OR,64,44.43,-117.60
Independence,Polk,,,OR,51,44.85,-123.19
Jacksonville,Jackson,,,OR,640,42.32,-122.96
Jefferson,Marion,,,OR,79,44.73,-123.01
Jordan Valley,Malheur,Baker,,OR,12,42.98,-117.05
Kerby,Josephine,,,OR,35,42.19,-123.65
La Grande,Baker,Union,,OR,320,45.32,-118.10
Lafayette,Yamhill,,,OR,210,45.24,-123.11
Lebanon,Linn,,,OR,88,44.52,-122.91
Leland,Josephine,Jackson,,OR,26,42.64,-123.44
Lewisville,Polk,,,OR,12,44.79,-123.35
Lincoln,Polk,,,OR,7,45.02,-123.08
Little Elk,Lincoln,Benton,,OR,12,44.65,-123.79
Long Tom,Lane,,,OR,9,44.05,-123.39
Lookingglass,Douglas,,,OR,12,43.18,-123.49
Marion,Marion,,,OR,12,44.75,-122.94
Marshfield,Coos,,,OR,12,43.37,-124.22
McMinnville,Yamhill,,,OR,160,45.21,-123.18
Meadowville,Umatilla,,,OR,40,45.78,-119.22
Middleton,Washington,,,OR,12,45.35,-122.87
Milwaukie,Clackamas,,,OR,68,45.44,-122.64
Molalla,Clackamas,,,OR,12,45.15,-122.59
Monitor,Marion,,,OR,12,45.10,-122.75
Monmouth,Polk,,,OR,96,44.85,-123.22
Mountain Home,Yamhill,,,OR,15,45.32,-123.32
Myrtle Creek,Douglas,,,OR,20,43.02,-123.29
Needy,Clackamas,,,OR,44,45.17,-122.70
Nestocton,Tillamook,,,OR,8,45.38,-123.80
Netarts,Tillamook,,,OR,12,45.43,-123.95
Newberg,Yamhill,,,OR,12,45.30,-122.97
Newport,Lincoln,Benton,,OR,26,44.64,-124.05
North Powder,Union,Baker,,OR,12,45.03,-117.92
North Yamhill,Yamhill,,,OR,45,45.34,-123.19
Oakland,Douglas,Umpqua,,OR,210,43.43,-123.30
Oregon City,Clackamas,,,OR,820,45.36,-122.60
Oswego,Clackamas,,,OR,12,45.42,-122.67
Pendleton,Umatilla,,,OR,12,45.68,-118.81
Peoria,Linn,,,OR,66,44.45,-123.21
Peoria,Linn,,,OR,66,44.45,-123.21
Perrydale,Polk,,,OR,12,45.04,-123.26
Philomath,Benton,,,OR,12,44.54,-123.36
Phoenix,Jackson,,,OR,35,42.28,-122.82
Pilot Rock,Umatilla,,,OR,12,45.48,-118.83
Pine,Linn,,,OR,6,44.21,-123.11
Portland,Multnomah,Washington,Clatsop,OR,4000,45.52,-122.67
Prairie City,Grant,,,OR,12,44.46,-118.71
Rainier,Columbia,,,OR,24,46.09,-122.93
Randolph,Coos,,,OR,38,43.17,-124.36
Rock Point,Jackson,,,OR,51,42.43,-123.10
Roseburgh,Douglas,,,OR,420,43.21,-123.34
Rye Valley,Baker,,,OR,12,44.46,-117.48
Saint Helen,Columbia,,,OR,150,45.86,-122.81
Saint Louis,Marion,,,OR,30,45.12,-122.94
Salem,Marion,Clatsop,,OR,2000,44.94,-123.04
Salt Creek,Polk,,,OR,13,45.00,-123.35
Sauvie Island,Columbia,Multnomah,,OR,5,45.66,-122.83
Scholls,Washington,,,OR,12,45.45,-122.79
Scio,Linn,,,OR,100,44.71,-122.85
Scottsburg,Douglas,Umpqua,,OR,38,43.65,-123.82
Shedds,Linn,,,OR,12,44.46,-123.11
Sheridan,Yamhill,,,OR,12,45.10,-123.39
Silverton,Marion,,,OR,77,45.01,-122.80
Siuslaw,Lane,,,OR,10,43.99,-124.10
Skipanon,Clatsop,,,OR,12,46.15,-123.93
Spanish Hollow,Wasco,,,OR,12,45.67,-120.84
Springfield,Lane,,,OR,26,44.05,-123.02
Springville,Multnomah,,,OR,22,45.59,-122.77
Sublimity,Marion,,,OR,28,44.83,-122.79
Summerville,Union,,,OR,43,45.49,-118.00
Summit,Benton,Lincoln,,OR,12,43.25,-124.22
Ten Mile,Douglas,,,OR,12,43.10,-123.56
The Dalles,Wasco,Wascopum,,OR,760,45.59,-121.18
Tillamook,Tillamook,,,OR,12,45.45,-123.84
Toledo,Lincoln,Benton,,OR,24,44.62,-123.92
Turner,Marion,,,OR,12,44.85,-122.96
Umatilla,Umatilla,,,OR,420,45.92,-119.34
Union,Baker,Union,,OR,130,45.21,-117.87
Upper Ochoco,Wasco,,,OR,12,44.33,-120.64
Vernon,Marion,,,OR,10,44.99,-122.91
Waconda,Marion,,,OR,48,45.08,-122.98
Waldo,Josephine,,,OR,28,42.06,-123.65
Wasco,Sherman,,,OR,12,45.59,-120.70
West Chehalem,Yamhill,,,OR,12,45.33,-123.08
Weston,Umatilla,,,OR,12,45.81,-118.42
Westport,Clatsop,,,OR,35,46.13,-123.37
Wheatland,Yamhill,,,OR,21,45.09,-123.05
Wilbur,Douglas,,,OR,12,43.32,-123.34
Willamette,Clackamas,Yamhill,,OR,7,45.34,-122.65
Wingville,Baker,,,OR,12,44.84,-117.92
Yoncalla,Douglas,Umpqua,,OR,16,43.60,-123.28
Zena,Polk,,,OR,12,45.01,-123.13
Adamsville,Beaver,,,UT,10,38.26,-112.79
Alma,Weber,,,UT,12,41.25,-112.08
Alpine City,Utah,,,UT,27,40.45,-111.78
American Fork,Utah,,,UT,130,40.38,-111.80
Bellevue,Washington,,,UT,20,37.34,-113.27
Bingham Canyon,Salt Lake,,,UT,12,40.54,-112.15
Bloomington,Richland,,,UT,12,,
Brigham City,Box Elder,,,UT,400,41.51,-112.02
Bullion,Piute,,,UT,12,38.41,-112.34
Cedar City,Iron,,,UT,200,37.68,-113.06
Cedar Valley,Utah,,,UT,13,40.33,-112.10
Centerville,Davis,,,UT,34,40.92,-111.88
Central City,Salt Lake,,,UT,12,40.75,-111.87
Chicken Creek,Juab,,,UT,49,39.56,-111.86
Clarkston,Cache,,,UT,12,41.92,-112.05
Clifton,Cache,,,UT,12,42.19,-112.01
Clover Valley,Washington,,,UT,12,40.92,-111.40
Coalville,Summit,,,UT,91,40.92,-111.40
Corinne,Box Elder,,,UT,1200,41.55,-112.11
Cove Creek,Millard,,,UT,12,38.80,-112.44
Croydon,Morgan,,,UT,75,41.07,-111.51
Deseret,Millard,,,UT,6,39.29,-112.65
Diamond,Juab,,,UT,12,39.88,-112.10
Draper,Salt Lake,,,UT,39,40.36,-111.86
Duncans Retreat,Washington,,,UT,9,37.18,-113.13
Echo City,Summit,,,UT,12,40.98,-111.44
Eden,Weber,,,UT,12,41.30,-111.82
Emmaville,Salt Lake,,,UT,12,40.62,-111.82
Ephraim,Sanpete,,,UT,500,39.36,-111.59
Eureka,Juab,,,UT,12,39.95,-112.12
Fair View,Sanpete,,,UT,39,39.63,-111.44
Fairfield,Utah,,,UT,14,40.26,-112.09
Farmington,Davis,,,UT,61,40.98,-111.89
Fillmore City,Millard,,,UT,140,38.97,-112.33
Forest City,Utah,,,UT,12,40.53,-111.60
Fort Hamblin,Washington,,,UT,12,37.54,-113.61
Fountain Green,Sanpete,,,UT,61,39.63,-111.63
Franklin,Cache,,,UT,40,42.02,-111.80
Goshen,Utah,,,UT,12,39.95,-111.90
Grafton,Washington,,,UT,12,37.17,-113.08
Grantsville,Tooele,,,UT,95,40.60,-112.46
Gunnison,Sanpete,,,UT,51,39.14,-111.82
Harrisburg,Washington,,,UT,28,37.21,-113.39
Harrisville,Weber,,,UT,12,41.28,-111.99
Heber,Wasatch,,,UT,19,40.51,-111.41
Hebron,Washington,,,UT,12,37.58,-113.82
Herriman,Salt Lake,,,UT,10,40.51,-112.03
Holden,Millard,,,UT,22,39.10,-112.27
Hooper,Weber,,,UT,12,41.17,-112.12
Huntsville,Weber,,,UT,26,41.26,-111.77
Hyde Park,Cache,,,UT,24,41.80,-111.82
Hyrum,Cache,,,UT,42,41.63,-111.85
Iron City,Iron,,,UT,12,37.60,-113.45
Johnson,Kane,,,UT,12,37.09,-112.37
Kamas,Summit,,,UT,12,40.64,-111.28
Kanab,Kane,,,UT,12,37.01,-112.53
Kanarraville,Iron,,,UT,34,37.54,-113.18
Kanosh,Millard,,,UT,32,38.80,-112.44
Kaysville,Davis,,,UT,70,41.04,-111.94
Kelton,Box Elder,,,UT,240,41.75,-113.11
Lake Point,Tooele,,,UT,12,40.68,-112.26
Laketown,Utah,,,UT,12,,
Leeds,Washington,,,UT,12,37.24,-113.36
Lehi City,Utah,,,UT,73,40.39,-111.85
Levan,Juab,,,UT,12,39.56,-111.86
Liberty,Richland,,,UT,4,41.34,-111.87
Logan,Cache,,,UT,290,41.73,-111.83
Lynne,Weber,,,UT,27,41.22,-111.97
Manti,Sanpete,,,UT,100,39.27,-111.64
Meadow,Millard,,,UT,4,38.89,-112.41
Mendon,Cache,,,UT,19,41.71,-111.98
Midway,Wasatch,,,UT,15,40.51,-111.47
Mill Creek,Salt Lake,,,UT,12,40.69,-111.86
Millville,Cache,,,UT,22,41.68,-111.82
Minersville,Beaver,,,UT,38,38.21,-112.93
Mona,Juab,,,UT,18,39.82,-111.85
Monroe,Sevier,,,UT,12,38.63,-112.12
Morgan,Morgan,,,UT,150,41.04,-111.68
Moroni,Sanpete,,,UT,92,39.52,-111.58
Mount Pleasant,Salt Lake,,,UT,250,,
New Harmony,Washington,,,UT,13,37.48,-113.31
Newton,Cache,,,UT,12,41.86,-111.99
North Ogden,Weber,,,UT,34,41.31,-111.97
Ogden City,Weber,,,UT,1000,41.22,-111.97
Ophir,Tooele,,,UT,12,40.37,-112.26
Paradise,Cache,,,UT,17,41.57,-111.84
Paragonah,Iron,,,UT,39,37.89,-112.78
Parowan,Iron,,,UT,130,37.84,-112.83
Payson,Utah,,,UT,120,40.04,-111.73
Peoa,Summit,,,UT,12,40.72,-111.34
Petersburgh,Millard,,,UT,12,38.84,-112.46
Peterson,Morgan,,,UT,19,41.12,-111.77
Pine Valley,Washington,,,UT,17,37.39,-113.51
Pinto,Washington,,,UT,17,37.54,-113.52
Plain City,Weber,,,UT,40,41.30,-112.09
Pleasant Grove,Utah,,,UT,78,40.36,-111.74
Portage,Box Elder,,,UT,13,41.98,-112.21
Providence,Cache,,,UT,38,41.71,-111.82
Provo City,Utah,,,UT,300,40.23,-111.66
Richfield,Sevier,,,UT,12,38.77,-112.08
Richmond,Cache,,,UT,29,41.92,-111.83
Riverdale,Weber,,,UT,31,41.18,-112.00
Rockville,Washington,,,UT,20,37.16,-113.04
Saint George,Washington,,,UT,440,37.11,-113.58
Salina,Sevier,,,UT,12,38.96,-111.86
Salt Creek,Juab,,,UT,200,39.71,-111.84
Salt Lake City,Salt Lake,,,UT,3600,40.76,-111.89
Santaquin,Utah,,,UT,93,39.98,-111.78
Scipio,Millard,,,UT,58,39.24,-112.10
Silver City,Juab,,,UT,12,39.91,-112.13
Slatersville,Weber,,,UT,12,41.25,-112.03
Smithfield,Cache,,,UT,43,41.84,-111.83
South Cottonwood,Salt Lake,,,UT,12,40.65,-111.89
Spanish Fork,Utah,,,UT,77,40.11,-111.65
Spring City,Sanpete,,,UT,130,39.48,-111.50
Springdale,Washington,,,UT,10,37.19,-113.00
Springville,Utah,,,UT,120,40.16,-111.61
Stockton,Tooele,,,UT,25,40.45,-112.36
Stoker,Davis,,,UT,100,40.89,-111.88
Summit,Iron,,,UT,40,37.80,-112.94
Tokersville,Washington,,,UT,74,37.25,-113.28
Tooele,Tooele,,,UT,55,40.53,-112.30
Uintah,Weber,,,UT,12,41.15,-111.92
Union,Salt Lake,,,UT,44,40.61,-111.87
Virgin City,Washington,,,UT,37,37.21,-113.19
Wales,Sanpete,,,UT,12,39.49,-111.64
Wallsburg,Wasatch,,,UT,12,40.39,-111.42
Wanship,Summit,,,UT,65,40.81,-111.41
Warrensburg,Iron,,,UT,12,,
Wasatch,Summit,,,UT,340,40.50,-111.41
Washington,Washington,,,UT,180,37.13,-113.51
Wellsville,Cache,,,UT,360,41.64,-111.93
West Jordan,Salt Lake,,,UT,10,40.60,-111.96
Willard,Box Elder,,,UT,70,41.41,-112.04
Winsor,Kane,,,UT,12,37.25,-112.66
Woods Cross,Davis,,,UT,12,40.88,-111.90
Arkada,Mason,,,WA,3,43.38,-124.24
Attanum,Yakima,,,WA,12,46.56,-120.62
Beaver,Thurston,,,WA,12,46.89,-122.90
Black River,King,,,WA,12,47.49,-122.24
Boisfort,Lewis,,,WA,11,46.55,-123.13
Bruceport,Pacific,,,WA,39,46.68,-123.90
Brush Prairie,Clark,,,WA,12,45.73,-122.55
Bucoda,Thurston,,,WA,12,46.80,-122.87
Carrollton,Cowlitz,,,WA,12,46.07,-122.86
Cascades,Skamania,,,WA,22,45.67,-121.90
Castle Rock,Cowlitz,,,WA,18,46.28,-122.91
Cathlamet,Wahkiakum,,,WA,12,46.20,-123.38
Cedarville,Grays Harbor,,,WA,6,46.86,-123.28
Centralia,Lewis,,,WA,10,46.73,-123.00
Chard,Garfield,,,WA,12,46.54,-117.86
Chehalis,Lewis,,,WA,12,46.64,-122.94
Chinook,Pacific,,,WA,12,46.27,-123.95
Colville,Stevens,,,WA,130,48.54,-117.90
Coupeville,Island,,,WA,110,48.22,-122.69
Cowlitz,Lewis,,,WA,35,46.47,-122.48
Dayton,Columbia,,,WA,12,46.32,-117.98
Delta Mills,Walla Walla,,,WA,90,,
East Anacortes,Skagit,,,WA,12,48.45,-122.58
Elhi,Pierce,,,WA,12,,
Elma,Grays Harbor,,,WA,11,47.01,-123.40
Fort Simcoe,Yakima,,,WA,12,46.34,-120.84
Freeport,Cowlitz,,,WA,44,46.14,-122.96
Gleneden,Lewis,,,WA,12,,
Grand Mound,Thurston,,,WA,16,46.80,-123.05
Hoquiam,Grays Harbor,,,WA,10,46.97,-123.89
Kachu,King,,,WA,12,,
Kalama,Cowlitz,,,WA,1,46.01,-122.84
Kittitass,Kittitas,,,WA,12,46.98,-120.42
Klikitat,Klickitat,,,WA,12,45.82,-121.15
Knappton,Pacific,,,WA,12,46.28,-123.81
Konewok,Yakima,,,WA,12,46.50,-120.36
Laconner,Skagit,,,WA,10,48.39,-122.50
Lowell,Snohomish,,,WA,12,47.95,-122.20
Martins Bluff,Cowlitz,,,WA,12,45.96,-122.81
Moksee,Yakima,,,WA,12,46.56,-120.39
Montesano,Grays Harbor,,,WA,15,46.98,-123.60
Monticello,Cowlitz,,,WA,58,46.14,-122.96
Mukilteo,Snohomish,,,WA,20,47.92,-122.30
New Dungness,Clallam,,,WA,14,48.15,-123.12
O'Brien,King,,,WA,12,47.41,-122.24
Oak Point,Cowlitz,,,WA,67,46.19,-123.19
Oakland,Mason,,,WA,12,47.23,-123.08
Olympia,Thurston,,,WA,1300,47.04,-122.90
Oysterville,Pacific,,,WA,54,46.55,-124.03
Pekin,Cowlitz,,,WA,8,45.87,-122.74
Petersons Point,Grays Harbor,,,WA,15,46.90,-124.13
Port Angeles,Clallam,,,WA,76,48.12,-123.43
Port Blakely,Kitsap,,,WA,10,47.60,-122.51
Port Discovery,Jefferson,,,WA,16,48.02,-122.86
Port Gamble,Kitsap,,,WA,140,47.85,-122.58
Port Ludlow,Jefferson,,,WA,69,47.94,-122.69
Port Madison,Kitsap,,,WA,97,47.70,-122.52
Port Orchard,Kitsap,,,WA,12,47.53,-122.63
Port Townsend,Jefferson,,,WA,740,48.12,-122.77
Pumphreys Landing,Cowlitz,,,WA,12,46.37,-122.94
Ridgefield,Clark,,,WA,17,45.82,-122.75
Riverside,Pacific,,,WA,12,48.51,-119.51
Rock Creek,Spokane,,,WA,12,48.68,-117.59
Samish,Skagit,,,WA,12,48.59,-122.23
Satsop,Grays Harbor,,,WA,57,47.00,-123.48
Seabeck,Kitsap,,,WA,57,47.61,-122.84
Seattle,King,,,WA,590,47.61,-122.33
Selah,Yakima,,,WA,12,46.66,-120.53
Sharon,Grays Harbor,,,WA,12,46.93,-123.32
Sherwood Mills,Mason,,,WA,12,47.39,-122.83
Skykomish,King,,,WA,12,47.71,-121.36
Slaughter,King,,,WA,12,47.31,-122.23
Snohomish,Snohomish,,,WA,27,47.93,-122.10
Snoqualmie,King,,,WA,12,47.52,-121.82
Spokane Bridge,Spokane,,,WA,34,47.69,-117.05
Stanwood,Snohomish,,,WA,12,48.24,-122.36
Steilacoom,Pierce,,,WA,370,47.17,-122.60
Sumner,Pierce,,,WA,4,47.20,-122.24
Tanalquot,Thurston,,,WA,12,46.91,-122.71
Tenino,Thurston,,,WA,6,46.86,-122.85
Tulalip,Snohomish,,,WA,14,48.07,-122.28
Tumwater,Thurston,,,WA,100,46.99,-122.92
Union Flat,Whitman,,,WA,1200,46.54,-117.09
Unity,Pacific,,,WA,16,46.31,-124.03
Utsaladdy,Island,,,WA,38,48.25,-122.48
Vancouver,Clark,,,WA,560,45.64,-122.62
Walla Walla,Walla Walla,,,WA,12,46.06,-118.34
Wallula,Walla Walla,,,WA,50,46.09,-118.91
Whatcom,Whatcom,,,WA,19,48.76,-122.48
White Salmon,Klickitat,,,WA,12,45.74,-121.49
Whitman,Walla Walla,,,WA,12,47.43,-120.32
Willapa,Pacific,,,WA,10,46.68,-123.66
Winlock,Lewis,,,WA,18,46.49,-122.89
Yakima,Yakima,,,WA,12,46.56,-120.48
Yelm,Thurston,,,WA,7,46.95,-122.63
Atlantic City,Fremont,Carter,,WY,380,42.50,-108.73
Bitter Creek,Sweetwater,Carbon,,WY,12,41.55,-108.56
Bridger Station,Uinta,Carter,,WY,12,41.32,-110.39
Bryan,Sweetwater,Carter,,WY,380,41.57,-109.68
Camp Stambaugh,Fremont,Sweetwater,,WY,12,42.50,-108.68
Carbon,Carbon,,,WY,86,41.85,-106.38
Carter,Uinta,Carter,,WY,60,41.24,-110.71
Cheyenne,Laramie,,,WY,2800,41.14,-104.82
Evanston,Uinta,,,WY,630,41.27,-110.96
Fort Fred Steele,Carbon,Laramie,,WY,430,41.78,-106.95
Fort Halleck,Carbon,,,WY,12,41.70,-106.52
Fort Laramie,Goshen,Nebraska Territory,,WY,460,42.21,-104.52
Gilmer,Uinta,Carter,,WY,300,41.17,-110.87
Laramie,Albany,,,WY,1800,41.31,-105.59
Medicine Bow,Carbon,Laramie,,WY,12,41.90,-106.20
Miners Delight,Fremont,Carter,Sweetwater,WY,12,42.53,-108.69
Percy,Carbon,Laramie,,WY,12,41.80,-106.51
Piedmont,Uinta,Carter,,WY,12,41.22,-110.63
Rawlins,Carbon,Larmie,,WY,950,41.79,-107.24
Sherman,Albany,Laramie,,WY,190,41.10,-105.35
South Pass City,Fremont,Carter,,WY,430,42.47,-108.80
